Class,LeftX,LeftY,LeftZ,LeftThumb,LeftIndex,LeftMiddle,LeftRing,LeftPinky,leftSpeed,leftConf,leftPitch,LeftYaw,LeftRoll,leftThumbExt,leftIndexExt,leftMiddleExt,leftRingExt,leftPinkyExt,RightX,RightY,RightZ,RightThumb,RightIndex,RightMiddle,RightRing,RightPinky,rightSpeed,rightConf,rightPitch,rightYaw,rightRoll,rightThumbExt,rightIndexExt,rightMiddleExt,rightRingExt,rightPinkyExt,HandDist
discrete,continuous,continuous,continuous,continuous,continuous,continuous,continuous,continuous,continuous,continuous,continuous,continuous,continuous,discrete,discrete,discrete,discrete,discrete,continuous,continuous,continuous,continuous,continuous,continuous,continuous,continuous,continuous,continuous,continuous,continuous,continuous,discrete,discrete,discrete,discrete,discrete,continuous
,,,,,,,,,,,,,,,,,,,,,,,,,,,,,,,,,,,,,
,-0.1383391,0.1551811,-0.01549795,0.07456007,0.0870918,0.0950495,0.09000251,0.07855152,0.006407464,0.01966612,2.772661,2.930056,1.293656,True,True,True,True,True,0.1180172,0.1978213,-0.02962496,0.2144346,0.2546015,0.263089,0.2677327,0.2702101,0.006407464,0.06593014,2.720999,-3.066376,-1.775135,True,True,True,True,True,0.260262
,-0.1298261,0.1577505,-0.004762867,0.07511861,0.08715874,0.09462544,0.09038475,0.07919265,0.5276219,0.1328919,2.830879,2.878242,1.66539,True,True,True,True,True,0.1115749,0.2048634,-0.02620516,0.2090329,0.2609932,0.2598118,0.2622686,0.2591319,0.5276219,0.1181141,2.686343,-3.06076,-1.738037,True,True,True,True,True,0.2468883
,-0.1231074,0.1696076,0.0006125834,0.07435457,0.09018388,0.09764926,0.09272335,0.08062591,0.2404809,0.153853,2.8445,2.812005,1.578378,True,True,True,True,True,0.1093154,0.2146616,-0.02643551,0.2045985,0.2492053,0.2486197,0.2501524,0.2478726,0.2404809,0.1303646,2.582082,-3.096648,-1.530763,True,True,True,True,True,0.2382894
,-0.1159661,0.1730172,0.007119132,0.07494609,0.09163758,0.09867652,0.09324258,0.07981849,0.3132618,0.1473088,2.827066,2.770628,1.382275,True,True,True,True,True,0.1047352,0.2191747,-0.02665175,0.1833978,0.2214873,0.2286226,0.2333673,0.2327552,0.3132618,0.1725146,2.502404,-3.09937,-1.319177,True,True,True,True,True,0.2279913
,-0.1055233,0.1678632,0.01391475,0.07061406,0.0899395,0.09773403,0.09075221,0.0759132,0.3058212,0.1693441,2.765883,2.716499,0.9147619,True,True,True,True,True,0.0939404,0.2293594,-0.03280162,0.1489212,0.186435,0.1987559,0.2135684,0.2246708,0.3058212,0.1331732,2.338254,-3.092251,-1.143923,True,True,False,False,False,0.2138924
,-0.09619605,0.1631669,0.01584734,0.05694075,0.08480253,0.08331007,0.07409543,0.06160335,0.3562474,0.09745439,2.707386,2.621871,0.2657278,True,True,False,False,False,0.05676373,0.231483,-0.0413945,0.1396484,0.1640256,0.1826297,0.2012125,0.2122308,0.3562474,0.06146143,2.280903,-2.786925,-0.9105278,True,False,False,False,False,0.1770322
,-0.08464083,0.158625,0.0282276,0.05816422,0.0600623,0.04776084,0.04390537,0.03999703,0.4029689,0.01980717,2.72518,2.706633,0.2926278,False,False,False,False,False,0.001701468,0.2228279,-0.05188536,0.1268342,0.1468681,0.1524124,0.1621605,0.1677535,0.4029689,0.009215341,2.360096,-2.3476,-0.5855482,False,False,False,False,False,0.1341458
,-0.06947791,0.1510282,0.03651414,0.06023668,0.04119113,0.03541014,0.0351908,0.03549211,0.1879206,0.1027254,2.789207,2.680436,0.2536689,True,False,False,False,False,-0.02196321,0.1993824,-0.06320211,0.1245768,0.1306531,0.1326464,0.1415643,0.1466186,0.1879206,0.07704868,3.01881,-2.224774,-0.05285723,False,False,False,False,False,0.1205782
,-0.06614397,0.1450747,0.04068882,0.05838842,0.03777128,0.03348071,0.03423447,0.03500613,0.04071034,0.1358044,2.832757,2.707249,0.225492,False,False,False,False,False,-0.01748563,0.2323201,-0.05912382,0.1504868,0.1549767,0.1576075,0.1658881,0.1696052,0.04071034,0.02295575,2.721238,-2.271487,-0.1600018,False,False,False,False,False,0.141216
,-0.06548161,0.1441093,0.04009119,0.0573451,0.03652718,0.03304322,0.03407213,0.03500549,0.06778865,0.1410118,2.809625,2.725672,0.1975511,False,False,False,False,False,0.001144387,0.2788484,-0.06569456,0.1926036,0.2000924,0.2036948,0.2116336,0.2145545,0.06778865,0.02895545,2.476922,-2.371063,-0.3073994,False,False,False,False,False,0.183805
,-0.0627057,0.1423236,0.04002963,0.0565319,0.03592151,0.03291889,0.03391812,0.03473173,0.04011821,0.1363451,2.835645,2.72128,0.2258475,False,False,False,False,False,0.0027783,0.2985609,-0.07240228,0.2128093,0.2192668,0.2234051,0.2311413,0.233768,0.04011821,0.03354011,2.325376,-2.406983,-0.5077925,False,False,False,False,False,0.2033204
,-0.06145005,0.1422426,0.03976312,0.05664576,0.03638971,0.03284576,0.03374397,0.03466656,0.05427298,0.1217927,2.860267,2.718866,0.2157725,False,False,False,False,False,-0.01743396,0.2909174,-0.07640563,0.2129317,0.2109842,0.2137792,0.2207318,0.2226314,0.05427298,0,2.364643,-2.261787,-0.441626,False,False,False,False,False,0.1937441
,-0.06052663,0.1423554,0.03867773,0.05667396,0.03671027,0.03257514,0.03338865,0.03446653,0.04294528,0.09994094,2.909862,2.68357,0.2121777,False,False,False,False,False,-0.03037051,0.2456281,-0.07332181,0.1794994,0.1690912,0.1706619,0.177999,0.1808117,0.04294528,0,2.839534,-2.207664,-0.08320613,False,False,False,False,False,0.1553014
,-0.0628461,0.142599,0.03822857,0.05495537,0.03647028,0.03270109,0.03352882,0.03464271,0.1047494,0.08878852,2.923381,2.667109,0.2103149,False,False,False,False,False,-0.03305975,0.2326898,-0.06765321,0.1666096,0.1541026,0.1563345,0.1641739,0.1674185,0.1047494,0.03285575,3.005599,-2.192691,0.01391981,False,False,False,False,False,0.1421778
,-0.06706334,0.1431796,0.03892787,0.05669098,0.03520243,0.03236054,0.03355876,0.03480835,0.09373505,0.09095038,2.909472,2.693266,0.1695199,False,False,False,False,False,-0.02108214,0.2619891,-0.0633475,0.1882645,0.1772462,0.1808695,0.1889497,0.1917314,0.09373505,0.0126438,2.576709,-2.264058,-0.2256366,False,False,False,False,False,0.1633715
,-0.0680678,0.1424465,0.0386029,0.05732894,0.03539689,0.03268795,0.03376223,0.0347586,0.005731991,0.1070038,2.920409,2.689797,0.1681002,False,False,False,False,False,-0.01272851,0.2843632,-0.06959083,0.2095354,0.2015357,0.2055411,0.2134831,0.2158711,0.005731991,0.02833612,2.436266,-2.332459,-0.4164572,False,False,False,False,False,0.1868386
,-0.06680215,0.1413016,0.03882976,0.05725146,0.03573476,0.03275486,0.03375134,0.0346049,0.06129377,0.1063799,2.935033,2.687298,0.1587469,False,False,False,False,False,-0.02150085,0.2887591,-0.07795257,0.2180115,0.2092856,0.2123255,0.2195719,0.2212721,0.06129377,0.01843769,2.321952,-2.386267,-0.615949,False,False,False,False,False,0.1934788
,-0.06389827,0.1414742,0.04009367,0.05739771,0.03664522,0.03261034,0.03353196,0.03444451,0.06406995,0.09827571,2.942266,2.668063,0.1840338,False,False,False,False,False,-0.04923374,0.2565519,-0.0866385,0.2014086,0.1871693,0.1872035,0.1934601,0.194839,0.06406995,0,2.562591,-2.172156,-0.2441015,False,False,False,False,False,0.1718109
,-0.06123689,0.1414385,0.04023173,0.05646703,0.03596964,0.03236495,0.03348037,0.03466848,0.03212305,0.06538957,2.953543,2.647322,0.1832439,False,False,False,False,False,-0.05386874,0.2308134,-0.08950952,0.1872446,0.1691838,0.169056,0.1756098,0.1777643,0.03212305,0.01065697,3.063338,-2.117423,0.06274321,False,False,False,False,False,0.157718
,-0.0614576,0.140664,0.04009846,0.05653974,0.0366336,0.03259108,0.03350185,0.03468123,0.01730896,0.07733347,2.958617,2.646232,0.1889418,False,False,False,False,False,-0.05018153,0.2450276,-0.0756881,0.1876314,0.1709549,0.1711654,0.1777371,0.1795023,0.01730896,0,2.784844,-2.206569,-0.09329661,False,False,False,False,False,0.1562865
,-0.0631902,0.1412314,0.04024065,0.05675435,0.03630747,0.03272421,0.03363821,0.03465382,0.02743669,0.08578217,2.94957,2.661376,0.1753184,False,False,False,False,False,-0.03593712,0.2810951,-0.07852331,0.2148836,0.2017978,0.2036062,0.2103797,0.2118366,0.02743669,0,2.433961,-2.259159,-0.3219468,False,False,False,False,False,0.1854979
,-0.06484011,0.1406608,0.04006056,0.05778319,0.03614875,0.0326781,0.03370185,0.03465801,0.03621428,0.09134552,2.949977,2.670213,0.1494813,False,False,False,False,False,-0.03041217,0.2959779,-0.08287406,0.2296032,0.2180838,0.2201058,0.2268455,0.2280019,0.03621428,0.02641458,2.361442,-2.316311,-0.4721371,False,False,False,False,False,0.2010513
,-0.0656246,0.1411631,0.04073545,0.05794116,0.03636422,0.0326994,0.03364871,0.03460815,0.03480855,0.09316178,2.954506,2.678658,0.139957,False,False,False,False,False,-0.04435671,0.2859007,-0.08725192,0.226026,0.2121482,0.2127899,0.2187665,0.2193652,0.03480855,0,2.378497,-2.217395,-0.3775418,False,False,False,False,False,0.1943761
,-0.06602186,0.1431092,0.04049676,0.05744246,0.03625432,0.03255771,0.03356327,0.03478434,0.05695064,0.09289273,2.958437,2.672647,0.1498796,False,False,False,False,False,-0.05308326,0.248749,-0.08530462,0.1968547,0.1796066,0.1794835,0.1856737,0.1870709,0.05695064,0,2.832693,-2.187654,-0.0199547,False,False,False,False,False,0.1647821
,-0.06757785,0.145675,0.04017914,0.05624196,0.03590509,0.0326426,0.03362418,0.0348501,0.101733,0.09498315,2.95695,2.660097,0.1712544,False,False,False,False,False,-0.05358506,0.2392181,-0.07707381,0.1817354,0.163708,0.1642127,0.1708178,0.1729279,0.101733,0.03176603,2.962171,-2.179161,0.03634062,False,False,False,False,False,0.1506465
,-0.06956333,0.147803,0.04013748,0.05646226,0.03599492,0.03273177,0.03369866,0.03487058,0.0693492,0.09822074,2.960422,2.665939,0.1578325,False,False,False,False,False,-0.04354673,0.26081,-0.07115373,0.190844,0.1755811,0.1770906,0.1840713,0.186093,0.0693492,0.01079462,2.520922,-2.248016,-0.2404912,False,False,False,False,False,0.1607271
,-0.07192174,0.1490768,0.03938593,0.05691414,0.03574645,0.03281797,0.03383168,0.03485611,0.06252042,0.1078488,2.953653,2.68071,0.1523143,False,False,False,False,False,-0.03627725,0.2785166,-0.07776411,0.2060198,0.1933722,0.1956732,0.2028214,0.2046281,0.06252042,0.03327302,2.379721,-2.294241,-0.4077437,False,False,False,False,False,0.1781833
,-0.07358215,0.1498319,0.03977133,0.05724129,0.03605049,0.03300324,0.0339202,0.03483535,0.07151327,0.1213829,2.94878,2.68324,0.1480599,False,False,False,False,False,-0.04722915,0.2722213,-0.08326127,0.205118,0.1911965,0.1924614,0.1990202,0.2003945,0.07151327,0.00728987,2.413747,-2.254739,-0.3638154,False,False,False,False,False,0.1755297
,-0.073636,0.1503297,0.0400812,0.05680767,0.03638114,0.03306115,0.0339544,0.03500986,0.03226729,0.1029391,2.952805,2.677139,0.1590547,False,False,False,False,False,-0.05711566,0.2392834,-0.08365142,0.1837574,0.1660179,0.1663188,0.1729828,0.1749777,0.03226729,0.01616317,2.864915,-2.210147,-0.02081425,False,False,False,False,False,0.1532822
,-0.0750244,0.1497635,0.04125552,0.05637623,0.03601561,0.03295239,0.03397148,0.03504248,0.0792383,0.0944464,2.963694,2.6691,0.1659935,False,False,False,False,False,-0.05725027,0.2310241,-0.07873097,0.1748553,0.15689,0.1575535,0.1646324,0.1672114,0.0792383,0.06439594,3.089109,-2.157971,0.07811799,False,False,False,False,False,0.1459998
,-0.07687017,0.1476564,0.04197165,0.0571388,0.03597308,0.03290897,0.03402248,0.03509039,0.06664699,0.09976218,2.964612,2.688158,0.1380396,False,False,False,False,False,-0.04693044,0.259363,-0.07178982,0.1930348,0.1768958,0.1782969,0.1854461,0.1873714,0.06664699,0.02520538,2.687321,-2.230365,-0.116198,False,False,False,False,False,0.1622234
,-0.0777192,0.144653,0.04127227,0.05845121,0.03570752,0.03272178,0.03393226,0.03490063,0.05852813,0.1114278,2.942843,2.703979,0.1270568,False,False,False,False,False,-0.03688549,0.289337,-0.07513486,0.2189682,0.2073508,0.2093324,0.2161974,0.2172999,0.05852813,0.02147231,2.519214,-2.280358,-0.2913985,False,False,False,False,False,0.1901354
,-0.07656833,0.1418253,0.04299646,0.05838683,0.03571893,0.03274821,0.03407574,0.03519308,0.08719418,0.1116157,2.945466,2.714454,0.1000357,False,False,False,False,False,-0.03955271,0.3016054,-0.07935183,0.2375955,0.2235984,0.2249999,0.2312144,0.2314937,0.08719418,0.03524944,2.452448,-2.303321,-0.4092565,False,False,False,False,False,0.204619
,-0.07445817,0.1407268,0.04487605,0.05761944,0.03573657,0.032607,0.03400923,0.0352116,0.1054136,0.1102609,2.952208,2.701488,0.08273156,False,False,False,False,False,-0.05675107,0.2939107,-0.0823467,0.2371464,0.2200105,0.2198359,0.2249931,0.224409,0.1054136,0.01872056,2.537421,-2.217657,-0.2906834,False,False,False,False,False,0.1999112
,-0.0732291,0.1425641,0.04727935,0.05701992,0.03586918,0.03268937,0.03400717,0.03523059,0.09318163,0.1093128,2.946657,2.700915,0.1034443,False,False,False,False,False,-0.06291951,0.2646582,-0.08084724,0.2134,0.1954809,0.194615,0.1997911,0.1997396,0.09318163,0,3.075436,-2.131577,0.0825451,False,False,False,False,False,0.1772841
,-0.07438297,0.1490995,0.05103753,0.05841999,0.03635471,0.03301087,0.03424932,0.0353832,0.1546828,0.1296738,2.940947,2.716341,0.1129828,False,False,False,False,False,-0.05511946,0.2561562,-0.07185905,0.1967579,0.1813334,0.1806244,0.1864147,0.1871707,0.1546828,0.02694922,-2.926374,-2.131681,0.1530745,False,False,False,False,False,0.1641213
,-0.07633789,0.1557066,0.0559417,0.05785196,0.03716874,0.03359937,0.03436861,0.03509072,0.1922033,0.1534943,2.929944,2.738434,0.1863557,False,False,False,False,False,-0.04560471,0.2852405,-0.0544345,0.1994988,0.1916897,0.1924042,0.1984726,0.199544,0.1922033,0.01955633,2.898556,-2.234214,0.03006617,False,False,False,False,False,0.1729349
,-0.07956704,0.1631241,0.06290937,0.0582116,0.03948229,0.03425609,0.03456144,0.03481485,0.2214937,0.1457044,2.958018,2.760647,0.2362019,False,False,False,False,False,-0.02718106,0.3222509,-0.05309658,0.2178496,0.2220851,0.2235128,0.2303504,0.2323358,0.2214937,0.006850606,2.678463,-2.358408,-0.148363,True,False,False,False,False,0.2037719
,-0.07965969,0.1726282,0.07210271,0.06242063,0.05460577,0.05031704,0.0473238,0.04239895,0.167928,0.1367797,2.985623,2.759802,0.2293944,True,False,False,False,False,-0.01974447,0.3445575,-0.05855491,0.2316567,0.253903,0.2588045,0.2649639,0.2642838,0.167928,0.04904829,2.55849,-2.381014,-0.2843974,False,False,False,False,False,0.2241002
,-0.07935095,0.1827802,0.07828281,0.06282221,0.06517857,0.06326933,0.05869527,0.05106412,0.1671085,0.1622938,3.005375,2.757961,0.2055754,True,False,False,False,False,-0.0279114,0.3479596,-0.06069102,0.2322786,0.2621626,0.2695959,0.2751123,0.2721099,0.1671085,0.0491835,2.486892,-2.362615,-0.3261909,False,False,False,False,False,0.2219099
,-0.07706047,0.1917786,0.07859556,0.0609116,0.08019091,0.07861874,0.07273403,0.06460262,0.1714908,0.2002616,3.035907,2.721243,0.1804636,True,False,False,False,False,-0.04545813,0.324865,-0.05726587,0.205039,0.2488303,0.2577996,0.2613993,0.2573623,0.1714908,0.02347319,2.70659,-2.306108,-0.1378324,False,False,False,False,False,0.1927927
,-0.07229777,0.1967474,0.07976829,0.0612152,0.08184083,0.08271701,0.07754242,0.06989942,0.1392733,0.253736,3.061589,2.731841,0.1768799,True,False,False,False,False,-0.04894925,0.2931266,-0.05291986,0.1810181,0.226681,0.2364262,0.2399333,0.2353911,0.1392733,0.03427635,-3.064301,-2.270704,0.2020737,False,False,False,False,False,0.165651
,-0.06922389,0.1963439,0.07988151,0.06151288,0.08559517,0.08735935,0.08147651,0.07372357,0.1186216,0.2357895,3.096579,2.728686,0.1385317,True,False,False,False,False,-0.04562563,0.2957769,-0.04629754,0.1788364,0.2272631,0.2383952,0.2408823,0.2359649,0.1186216,0.03381392,-3.038112,-2.231655,0.1736518,False,False,False,False,False,0.1623729
,-0.066479,0.1945753,0.07745234,0.06183671,0.0868034,0.08906034,0.08289509,0.07527237,0.07536492,0.232798,3.120945,2.730192,0.1144272,True,True,False,True,False,-0.03625642,0.3311222,-0.0412242,0.1989321,0.2465404,0.2587864,0.2611747,0.2571634,0.07536492,0,2.910236,-2.322867,0.01502806,False,False,False,False,False,0.1834191
,-0.06260168,0.1913124,0.07337414,0.06201162,0.08714478,0.08928783,0.08286992,0.07500349,0.1495065,0.2335578,3.128055,2.733992,0.1096892,True,True,True,True,False,-0.03346787,0.3515241,-0.04148159,0.2150294,0.2616086,0.2739444,0.2756831,0.2713118,0.1495065,0,2.72126,-2.387541,-0.1130225,False,False,False,False,False,0.1992696
,-0.059342,0.1878246,0.07042145,0.06124298,0.08715136,0.08971257,0.08300656,0.07470567,0.08546027,0.2211752,3.137935,2.721607,0.09216703,True,True,True,True,False,-0.04278763,0.3474131,-0.04221519,0.2147247,0.2616195,0.2733184,0.2734073,0.2671576,0.08546027,0,2.706833,-2.379663,-0.08778272,False,False,False,False,False,0.1960346
,-0.05784898,0.1863389,0.0677457,0.06049913,0.08710688,0.08884876,0.08195849,0.07280238,0.04815988,0.2129203,3.141046,2.714724,0.06941585,True,True,False,False,False,-0.04904455,0.3182243,-0.03903511,0.1913386,0.2396506,0.2502637,0.2489151,0.2404523,0.04815988,0,2.978853,-2.381268,0.01419491,False,False,False,False,False,0.1699218
,-0.05761608,0.1858578,0.06757039,0.05864426,0.0861617,0.08706782,0.08016288,0.07033521,0.02258868,0.2256625,3.119596,2.709409,0.04320935,True,True,False,False,False,-0.04580665,0.2978779,-0.03864594,0.1766963,0.2257615,0.2348281,0.2332245,0.224207,0.02258868,0,-3.114002,-2.301643,0.1124,False,False,False,False,False,0.1548221
,-0.05990054,0.1881105,0.06909832,0.05716952,0.08362869,0.08079261,0.07311507,0.06270879,0.1603165,0.2170892,3.061083,2.71307,-0.01342062,True,False,False,False,False,-0.04369845,0.3135496,-0.03030877,0.1841013,0.2288603,0.2352769,0.2324598,0.2224799,0.1603165,0,2.952767,-2.345854,-0.008073529,False,False,False,False,False,0.1608703
,-0.06267843,0.1934145,0.07204893,0.05443672,0.0712554,0.06671228,0.05996288,0.05058772,0.2935561,0.1487965,3.018914,2.741672,0.02147419,True,False,False,False,False,-0.03357462,0.351238,-0.03360491,0.2141555,0.2478613,0.2519548,0.250915,0.2424743,0.2935561,0,2.59253,-2.424155,-0.2905808,False,False,False,False,False,0.1921406
,-0.0682944,0.2002475,0.07290102,0.05339834,0.05652966,0.04163583,0.03856527,0.03686275,0.2481963,0.1457762,2.943061,2.755219,0.06925487,False,False,False,False,False,-0.03197191,0.3566489,-0.04180341,0.2191414,0.2389019,0.2310419,0.2323042,0.2297167,0.2481963,0.03494568,2.511891,-2.447667,-0.4493688,False,False,False,False,False,0.1973267
,-0.07028394,0.2042268,0.07409389,0.05477153,0.05158145,0.03650429,0.03559623,0.03532154,0.03210965,0.1428453,2.930972,2.746579,0.09052221,False,False,False,False,False,-0.0459103,0.3300331,-0.04626048,0.2034434,0.2126672,0.2008704,0.2035298,0.2022159,0.03210965,0.004438609,2.618623,-2.364995,-0.2749947,False,False,False,False,False,0.1758024
,-0.07183349,0.2074366,0.0726153,0.05461717,0.04558606,0.03545241,0.0351842,0.03525679,0.1125319,0.1459941,2.902447,2.744173,0.1321283,False,False,False,False,False,-0.04531781,0.285927,-0.0464332,0.1701646,0.1701652,0.1627386,0.1674585,0.1683469,0.1125319,0.04859665,3.122051,-2.358026,0.05993143,False,False,False,False,False,0.1450392
,-0.0735541,0.2093214,0.07247499,0.0545796,0.04328965,0.03524032,0.03517959,0.0353501,0.03549418,0.1483967,2.868421,2.745517,0.156546,False,False,False,False,False,-0.0424489,0.2835819,-0.04622775,0.1669822,0.1646715,0.1600884,0.1656427,0.1671009,0.03549418,0.08909073,3.113376,-2.321738,0.07228628,False,False,False,False,False,0.1434312
,-0.07306851,0.2083942,0.07212673,0.0543815,0.04285042,0.0352245,0.03517035,0.03531335,0.06013362,0.1532753,2.874008,2.739266,0.1574709,False,False,False,False,False,-0.03505992,0.3137571,-0.04199324,0.1834625,0.1832184,0.1806131,0.1861058,0.1871177,0.06013362,0.02106926,2.732998,-2.383664,-0.1641922,False,False,False,False,False,0.1599042
,-0.0721029,0.2064537,0.07138045,0.05472286,0.04124804,0.03486805,0.03509888,0.03524408,0.04993001,0.1586317,2.869523,2.74515,0.1419968,False,False,False,False,False,-0.02779746,0.3343443,-0.04622272,0.202898,0.2026042,0.2015263,0.2070295,0.2075773,0.04993001,0.04282764,2.533749,-2.443253,-0.3837504,False,False,False,False,False,0.1793027
,-0.07048305,0.2044564,0.07194726,0.05533235,0.04103268,0.0347951,0.03506903,0.03521032,0.04169367,0.163474,2.89557,2.751158,0.1225897,False,False,False,False,False,-0.03548719,0.3306127,-0.04612748,0.2032517,0.2006011,0.1986449,0.2035487,0.2033947,0.04169367,0.02806386,2.569454,-2.401979,-0.343163,False,False,False,False,False,0.1763002
,-0.06918143,0.2021431,0.07259057,0.05593283,0.04012646,0.03465419,0.03512605,0.03544859,0.03580393,0.1545815,2.918323,2.764689,0.1311379,False,False,False,False,False,-0.0409041,0.2974013,-0.04273887,0.1810678,0.1730042,0.1709995,0.1763736,0.1768166,0.03580393,0.02018189,3.039928,-2.378694,-0.02798201,False,False,False,False,False,0.1522321
,-0.06976295,0.2008629,0.07238849,0.05641099,0.03915829,0.03428513,0.03498447,0.03539095,0.02412845,0.1580896,2.931772,2.772923,0.1433657,False,False,False,False,False,-0.04007941,0.2837512,-0.04427229,0.1739276,0.1633899,0.162022,0.1679549,0.1690927,0.02412845,0.07680479,-3.117584,-2.301019,0.06456862,False,False,False,False,False,0.1461551
,-0.07087214,0.2004697,0.07185205,0.05624882,0.03909182,0.03433763,0.03495537,0.03538967,0.05187937,0.1538344,2.95424,2.771465,0.1579658,False,False,False,False,False,-0.03749057,0.2989541,-0.03766844,0.1783591,0.1690426,0.1686314,0.174747,0.1759767,0.05187937,0.04000007,2.839873,-2.375382,-0.1141369,False,False,False,False,False,0.151024
,-0.07287046,0.2023182,0.06911316,0.0560253,0.03874457,0.03426661,0.03490636,0.03538448,0.08578969,0.1717377,2.953996,2.776927,0.1535212,False,False,False,False,False,-0.0301769,0.3196276,-0.04197328,0.1924116,0.1854215,0.1860161,0.1922897,0.1935558,0.08578969,0.05041513,2.543805,-2.449332,-0.3413351,False,False,False,False,False,0.167106
,-0.07460275,0.2061768,0.06616766,0.05736667,0.0395715,0.0346369,0.03490598,0.03524166,0.1235293,0.1515841,2.952927,2.780274,0.183457,False,False,False,False,False,-0.04056926,0.3007823,-0.04243332,0.1745427,0.1652654,0.1650538,0.1711056,0.1726504,0.1235293,0.003522856,2.632894,-2.423943,-0.2454444,False,False,False,False,False,0.1479955
,-0.07461482,0.2091233,0.06009036,0.05712999,0.04230265,0.03580913,0.03543735,0.03544688,0.09830629,0.1203784,2.958868,2.744571,0.236931,False,False,False,False,False,-0.04517049,0.2741567,-0.04089845,0.1480423,0.1389781,0.1377275,0.144486,0.1470102,0.09830629,0.06775488,2.90889,-2.392635,-0.136216,False,False,False,False,False,0.1236731
,-0.07954843,0.2120608,0.05291143,0.05619021,0.04046579,0.03515772,0.03519313,0.03554693,0.2031511,0.1346275,2.948699,2.753986,0.3074514,False,False,False,False,False,-0.04415638,0.2774775,-0.03706989,0.1371547,0.1276379,0.129256,0.1374815,0.1414165,0.2031511,0.07499704,2.732984,-2.378606,-0.2025922,False,False,False,False,False,0.1167415
,-0.08385268,0.2112033,0.0317416,0.05524502,0.03684427,0.03326032,0.03415089,0.03542948,0.5195531,0.09213093,2.875185,2.773007,0.3913228,False,False,False,False,False,-0.02470256,0.3088631,-0.03701959,0.1457723,0.1414817,0.1478806,0.1579718,0.1638027,0.5195531,0,2.392121,-2.556542,-0.5825364,False,False,False,False,False,0.1332827
,-0.07987681,0.1969475,0.0002863512,0.05741104,0.03509435,0.03266587,0.03376887,0.03508895,0.860393,0.0824257,2.81953,2.707639,0.4634999,False,False,False,False,False,-0.01083052,0.3250287,-0.04096601,0.1592779,0.160346,0.1689487,0.1792189,0.1848994,0.860393,0,2.270439,-2.583697,-0.5604448,True,False,False,False,False,0.1512414
,-0.06980141,0.1679485,-0.0433652,0.05707658,0.03758251,0.03334674,0.03372906,0.03480587,1.252922,0.01219377,2.825394,2.50209,0.4328413,False,False,False,False,False,-0.01063953,0.3297907,-0.04120572,0.1831882,0.1891755,0.1969145,0.20402,0.2070537,1.252922,0,2.107995,-2.437165,-0.7630562,True,False,True,True,True,0.1723302
,-0.05796493,0.1272205,-0.08423135,0.06508479,0.04319659,0.03571024,0.03520526,0.03564477,0.8327978,0,2.981959,2.361744,0.3804956,False,False,False,False,False,,,,,,,,,,,,,,,,,,,0.2124279
,,,,,,,,,,,,,,,,,,,0.01844852,0.2788915,0.03872578,0.2799479,0.2787086,0.2808929,0.2784427,0.275544,1.177447,0.1057339,2.250095,-2.758198,-0.5913482,True,True,True,True,True,0.2506682
,,,,,,,,,,,,,,,,,,,0.02078106,0.2821067,0.04048114,0.283782,0.2826747,0.2849746,0.2825977,0.2797643,1.177447,0.1268325,2.392287,-2.823291,-0.6272798,True,True,True,True,True,0.2548149
,,,,,,,,,,,,,,,,,,,0.02304337,0.2846757,0.04551343,0.2892245,0.2880919,0.2904466,0.288011,0.2851537,1.177447,0.1763085,2.566655,-2.897376,-0.7264321,True,True,True,True,True,0.2604436
,,,,,,,,,,,,,,,,,,,0.01971409,0.2829913,0.04971731,0.2902957,0.2887714,0.290837,0.2880926,0.2849664,1.177447,0.15961,2.753798,-2.853953,-0.8844672,True,True,True,True,True,0.2607761
,,,,,,,,,,,,,,,,,,,0.01316001,0.2814278,0.05262524,0.2903951,0.2883591,0.2899349,0.2867964,0.2832734,1.177447,0.1432811,2.92639,-2.72201,-0.8861394,True,True,True,True,True,0.2595796
,,,,,,,,,,,,,,,,,,,0.01099869,0.2832802,0.04989754,0.2897912,0.287789,0.2892521,0.2861445,0.2825797,1.177447,0.1695473,3.017883,-2.647629,-0.807015,True,True,True,True,True,0.2586082
,,,,,,,,,,,,,,,,,,,0.01283235,0.2901195,0.04530906,0.292169,0.2906134,0.2922504,0.2894727,0.2861101,1.177447,0.1968687,3.052073,-2.61669,-0.594793,True,True,True,True,True,0.2613407
,,,,,,,,,,,,,,,,,,,0.01977879,0.3010205,0.04276425,0.2997176,0.2988784,0.3009753,0.2987011,0.295728,1.177447,0.1958382,3.037241,-2.684434,-0.4693547,True,True,True,True,True,0.2700585
,,,,,,,,,,,,,,,,,,,0.02606376,0.3124579,0.04251708,0.3093436,0.3090681,0.3115152,0.3096168,0.3069232,1.177447,0.1906543,2.994811,-2.751231,-0.4389428,True,True,True,True,True,0.2806044
,,,,,,,,,,,,,,,,,,,0.03400834,0.3253472,0.04354156,0.3213503,0.321658,0.3245027,0.3229851,0.3205908,1.177447,0.1399016,2.859953,-2.874445,-0.4300034,True,True,True,True,True,0.293693
,,,,,,,,,,,,,,,,,,,0.03638482,0.3384068,0.04828079,0.3349683,0.3354166,0.3382467,0.3367673,0.3343294,1.177447,0.06952339,2.537688,-2.980145,-0.4555787,True,True,True,True,True,0.3072532
,,,,,,,,,,,,,,,,,,,0.0343891,0.347732,0.05503693,0.3460853,0.3463361,0.3488998,0.3472149,0.344523,1.177447,0,2.117573,-2.921105,-0.6560638,True,True,True,True,True,0.3176196
,,,,,,,,,,,,,,,,,,,0.0323791,0.3429541,0.07036426,0.3509219,0.3504538,0.3527151,0.3504445,0.3473462,1.177447,0,1.996444,-2.843147,-0.6932334,True,True,True,True,True,0.321686
,,,,,,,,,,,,,,,,,,,0.02779374,0.3275172,0.0951849,0.3542878,0.3524913,0.3542193,0.350904,0.3471228,1.177447,0,2.043651,-2.858859,-0.6413869,True,True,True,True,True,0.3239161
,,,,,,,,,,,,,,,,,,,0.02465403,0.3092887,0.1167994,0.3559833,0.3529975,0.3543155,0.3500855,0.3457661,1.177447,0,2.095482,-2.804574,-0.5610803,True,True,True,True,True,0.3250602
,,,,,,,,,,,,,,,,,,,0.02379396,0.2942484,0.1316773,0.3569905,0.3532063,0.3543153,0.3494839,0.344862,1.177447,0,2.161522,-2.752696,-0.4802521,True,True,True,True,True,0.3260777
,,,,,,,,,,,,,,,,,,,0.02411393,0.2860726,0.1388009,0.3573888,0.3532391,0.3542893,0.3491882,0.3444571,1.177447,0,2.209197,-2.719986,-0.434212,True,True,True,True,True,0.3266617
,,,,,,,,,,,,,,,,,,,0.02406486,0.2860024,0.1353872,0.3546798,0.3506171,0.3517068,0.3466823,0.3420042,1.177447,0,2.215438,-2.685705,-0.4305797,True,True,True,True,True,0.3239897
,,,,,,,,,,,,,,,,,,,0.02312605,0.2888189,0.1223968,0.3463832,0.3427022,0.343898,0.3391938,0.3346964,1.177447,0,2.191872,-2.62858,-0.4806086,True,True,True,True,True,0.3156458
,,,,,,,,,,,,,,,,,,,0.02301402,0.2941155,0.1026428,0.3352169,0.3322447,0.3336855,0.3295679,0.3254289,1.177447,0,2.157064,-2.593709,-0.5212892,True,True,True,True,True,0.3046545
,,,,,,,,,,,,,,,,,,,0.02321547,0.3017855,0.07640821,0.3223045,0.3203882,0.3221898,0.318945,0.3153492,1.177447,0,2.080176,-2.562031,-0.606765,True,True,True,True,True,0.2921878
,,,,,,,,,,,,,,,,,,,0.02386102,0.3095506,0.04529303,0.308426,0.3078713,0.3101505,0.3080412,0.3051839,1.177447,0,1.964477,-2.498552,-0.7465445,True,True,True,True,True,0.2792459
,,,,,,,,,,,,,,,,,,,0.02518308,0.3116813,0.02203117,0.2969344,0.2974527,0.3001774,0.2989814,0.2967756,1.177447,0,1.877224,-2.433273,-0.8745614,True,True,True,True,True,0.2689313
,,,,,,,,,,,,,,,,,,,0.02504925,0.3128888,0.01217072,0.2926587,0.2936229,0.2964929,0.2956785,0.2937299,1.177447,0,1.837435,-2.400042,-0.9293705,True,True,True,True,True,0.2650916
,,,,,,,,,,,,,,,,,,,0.02399876,0.3120996,0.01362689,0.2926235,0.2934544,0.2962363,0.2953186,0.2932834,1.177447,0,1.824419,-2.401158,-0.9471923,True,True,True,True,True,0.2648003
,,,,,,,,,,,,,,,,,,,0.02090332,0.3127094,0.03011657,0.3017669,0.3017382,0.3040469,0.3023966,0.2997767,1.177447,0,1.861429,-2.495952,-0.908982,True,True,True,True,True,0.272599
,,,,,,,,,,,,,,,,,,,0.01633518,0.3126281,0.05370322,0.3151785,0.3139804,0.3156425,0.3129985,0.3095947,1.177447,0,1.91766,-2.569401,-0.8484166,True,True,True,True,True,0.2843356
,,,,,,,,,,,,,,,,,,,0.01259497,0.3098783,0.08257113,0.331399,0.3289347,0.3299805,0.3262645,0.3220723,1.177447,0,1.998443,-2.624646,-0.743745,True,True,True,True,True,0.2992157
,,,,,,,,,,,,,,,,,,,0.01087689,0.3021748,0.1109383,0.3456834,0.3420764,0.3426816,0.3380189,0.3332124,1.177447,0,2.081377,-2.656576,-0.6624833,True,True,True,True,True,0.312881
,,,,,,,,,,,,,,,,,,,0.01197352,0.2953003,0.1323307,0.3571551,0.3528429,0.3532725,0.3480278,0.342904,1.177447,0,2.157994,-2.706268,-0.6005886,True,True,True,True,True,0.324428
,,,,,,,,,,,,,,,,,,,0.01189302,0.2918684,0.1427817,0.3630469,0.3583817,0.3586943,0.3531616,0.3478701,1.177447,0,2.177322,-2.688197,-0.5868018,True,False,True,True,False,0.3303031
,,,,,,,,,,,,,,,,,,,0.009952786,0.2924423,0.1474297,0.3669132,0.3620618,0.362218,0.3565271,0.3510904,1.177447,0,2.172027,-2.663286,-0.6151161,True,False,True,True,False,0.3338414
,,,,,,,,,,,,,,,,,,,0.008054944,0.2949001,0.146971,0.3679659,0.3631009,0.3631572,0.357448,0.3519461,1.177447,0,2.151364,-2.623263,-0.6588857,True,False,False,False,False,0.334565
,,,,,,,,,,,,,,,,,,,0.006228734,0.2976098,0.1434471,0.366827,0.3620324,0.3620235,0.356368,0.350848,1.177447,0,2.138411,-2.576523,-0.656859,True,False,False,False,False,0.3331226
,,,,,,,,,,,,,,,,,,,0.00498865,0.2988614,0.1361612,0.3619608,0.3573227,0.3573169,0.3517971,0.3463342,1.177447,0,2.130886,-2.483303,-0.5996241,False,False,False,False,False,0.3280941
,,,,,,,,,,,,,,,,,,,0.003809984,0.3005538,0.1258422,0.3551985,0.3508153,0.3508473,0.3455473,0.3401949,1.177447,0,2.122011,-2.469249,-0.5798754,False,False,False,False,False,0.3211975
,,,,,,,,,,,,,,,,,,,0.001763109,0.3038448,0.111115,0.3464584,0.3424647,0.342532,0.3375657,0.3323706,1.177447,0,2.099895,-2.453986,-0.5866855,False,False,False,False,False,0.3122215
,,,,,,,,,,,,,,,,,,,-0.0002754342,0.3130468,0.09047858,0.33836,0.3351043,0.3352756,0.3309153,0.3260166,1.177447,0,2.066869,-2.456135,-0.621341,True,False,False,False,False,0.3039375
,,,,,,,,,,,,,,,,,,,0.001478442,0.3188288,0.06279626,0.3246676,0.3225402,0.3231367,0.3197283,0.3154615,1.177447,0,2.05049,-2.531144,-0.7123189,True,False,False,False,False,0.2910004
,,,,,,,,,,,,,,,,,,,0.01376615,0.3121897,0.04875077,0.3115793,0.3104304,0.3120014,0.30942,0.3060136,1.177447,0,2.207026,-3.032249,-0.8765918,True,True,True,True,True,0.2804552
,,,,,,,,,,,,,,,,,,,0.02062602,0.3054399,0.0403842,0.301856,0.3012489,0.3034171,0.3013105,0.2984305,1.177447,0.08358949,2.427741,-3.025717,-0.7531099,True,True,True,True,True,0.2723562
,,,,,,,,,,,,,,,,,,,0.02614647,0.2979418,0.03668126,0.2943709,0.2940563,0.2966912,0.2948542,0.2923464,1.177447,0.1726484,2.598879,-2.998443,-0.6524631,True,True,True,True,True,0.2661958
,,,,,,,,,,,,,,,,,,,0.03065943,0.2881318,0.03698976,0.2875386,0.2872559,0.2902548,0.2884844,0.2862169,1.177447,0.2093307,2.781524,-2.954038,-0.5790498,True,True,True,True,True,0.260468
,,,,,,,,,,,,,,,,,,,0.0327866,0.2837107,0.03830589,0.2852906,0.2849767,0.2881285,0.2863488,0.284166,1.177447,0.2005146,2.849914,-2.942055,-0.5981232,True,True,True,True,True,0.25871
,,,,,,,,,,,,,,,,,,,0.03614317,0.2884656,0.03811973,0.2893667,0.2893396,0.2926821,0.2910942,0.2890606,1.177447,0.1905256,2.759931,-2.965226,-0.4956239,True,True,True,True,True,0.2632938
,,,,,,,,,,,,,,,,,,,0.03979507,0.2944932,0.0357108,0.2932002,0.2935873,0.2971637,0.2958685,0.294048,1.177447,0.1677848,2.678987,-2.985396,-0.457955,True,True,True,True,True,0.2677434
,,,,,,,,,,,,,,,,,,,0.04125914,0.2962441,0.02953531,0.2911843,0.2919524,0.2957242,0.2947364,0.2931462,1.177447,0.1864881,2.67018,-2.975211,-0.4736369,True,True,True,True,True,0.2662514
,,,,,,,,,,,,,,,,,,,0.04207759,0.2946369,0.01877624,0.2838997,0.2851749,0.2892232,0.2886774,0.2874413,1.177447,0.2211994,2.678766,-2.926872,-0.5297692,True,True,True,True,True,0.2597492
,,,,,,,,,,,,,,,,,,,0.04484484,0.2923189,0.006483005,0.2758486,0.2778262,0.2823309,0.2823844,0.281664,1.177447,0.2217354,2.670063,-2.840111,-0.6259993,True,True,True,True,True,0.2530591
,,,,,,,,,,,,,,,,,,,0.05426451,0.2876975,-0.005874651,0.2677966,0.2708558,0.2763188,0.2772571,0.2774192,1.177447,0.2062586,2.637206,-2.813515,-0.683255,True,True,True,True,True,0.2479676
,,,,,,,,,,,,,,,,,,,0.06584852,0.2801785,-0.01554035,0.2600251,0.2641611,0.2707454,0.2725566,0.2736768,1.177447,0.1944449,2.636845,-2.799203,-0.6979547,True,True,True,True,False,0.2437769
,,,,,,,,,,,,,,,,,,,0.07932713,0.2730445,-0.02296095,0.2551578,0.260386,0.2681721,0.2708426,0.2729424,1.177447,0.2037286,2.632752,-2.77394,-0.6967162,True,False,False,False,False,0.2428758
,,,,,,,,,,,,,,,,,,,0.09625433,0.2658059,-0.02866262,0.253478,0.2598795,0.2690225,0.2725883,0.275749,1.177447,0.1789636,2.606421,-2.722874,-0.833611,True,False,False,False,False,0.2458301
,,,,,,,,,,,,,,,,,,,0.1192432,0.2552915,-0.03112555,0.255239,0.2628597,0.2736264,0.278107,0.28247,1.177447,0.1328342,2.572842,-2.73065,-0.9371796,True,False,False,False,False,0.2533632
,,,,,,,,,,,,,,,,,,,0.1498137,0.2350487,-0.02913908,0.2594679,0.2682336,0.280955,0.2863249,0.2920904,1.177447,0.1419528,2.591743,-2.837161,-0.927519,True,False,False,False,False,0.2650304
,,,,,,,,,,,,,,,,,,,0.1789255,0.2079667,-0.02385094,0.2653407,0.2747781,0.2891611,0.2951291,0.3021027,1.177447,0.1435367,2.607679,-2.939517,-0.7624462,True,False,False,False,False,0.2779649
,,,,,,,,,,,,,,,,,,,0.2110587,0.1758284,-0.01642174,0.2782761,0.2880799,0.3038589,0.3102559,0.3183143,1.177447,0.09764887,2.713407,-3.014095,-0.4250328,True,True,False,False,False,0.297801
,,,,,,,,,,,,,,,,,,,0.2455137,0.1515295,-0.01022334,0.3014326,0.3115467,0.3282327,0.3349832,0.3438295,1.177447,0.03343074,2.731648,-3.121101,-0.1958514,False,True,True,True,True,0.326092
,,,,,,,,,,,,,,,,,,,0.2819781,0.1452282,-0.01057848,0.331484,0.3422855,0.3595916,0.3668662,0.3763036,1.177447,0.001729781,2.852792,-2.991834,0.09221593,False,True,True,True,True,0.3593193
,,,,,,,,,,,,,,,,,,,0.3370726,0.1547547,-0.001114252,0.3866771,0.3979817,0.4155686,0.423117,0.4327582,1.177447,0,-3.06224,-2.78388,0.2558683,True,True,True,True,True,0.4156637
